pair_id,source,frame_a,cluster_a,frame_b,cluster_b,prior_label
0,same_frame_far,2191,2,2191,4,likely_diff
1,same_frame_far,1845,6,1845,1,likely_diff
2,same_frame_far,432,0,432,22,likely_diff
3,same_frame_far,2560,7,2560,6,likely_diff
4,adjacent,889,14,890,15,likely_same
5,adjacent,1922,7,1923,9,likely_same
6,same_frame_far,2496,25,2496,4,likely_diff
7,adjacent,2351,7,2352,6,likely_same
8,same_frame_far,2773,7,2773,8,likely_diff
9,adjacent,2070,3,2071,4,likely_same
10,adjacent,1490,10,1491,13,likely_same
11,adjacent,1158,14,1159,4,likely_same
12,same_frame_far,1078,9,1078,6,likely_diff
13,same_frame_far,1789,7,1789,21,likely_diff
14,adjacent,669,14,670,13,likely_same
15,same_frame_far,70,15,70,0,likely_diff
16,same_frame_far,853,12,853,7,likely_diff
17,adjacent,2438,5,2439,4,likely_same
18,adjacent,2593,0,2594,0,likely_same
19,same_frame_far,1363,18,1363,8,likely_diff
20,adjacent,369,12,370,12,likely_same
21,adjacent,961,5,962,7,likely_same
22,adjacent,1000,5,1001,2,likely_same
23,same_frame_far,1729,11,1729,0,likely_diff
24,same_frame_far,2390,5,2390,2,likely_diff
25,adjacent,1209,0,1210,1,likely_same
26,adjacent,1116,6,1117,8,likely_same
27,adjacent,2662,2,2663,2,likely_same
28,same_frame_far,147,21,147,3,likely_diff
29,same_frame_far,2396,0,2396,7,likely_diff
30,adjacent,538,2,539,3,likely_same
31,same_frame_far,2795,1,2795,9,likely_diff
32,same_frame_far,1652,8,1652,3,likely_diff
33,adjacent,1858,5,1859,7,likely_same
34,adjacent,2070,4,2071,5,likely_same
35,adjacent,1382,12,1383,12,likely_same
36,same_frame_far,2152,5,2152,3,likely_diff
37,adjacent,2394,6,2395,11,likely_same
38,same_frame_far,1468,10,1468,19,likely_diff
39,same_frame_far,2168,0,2168,3,likely_diff
40,same_frame_far,2837,13,2837,11,likely_diff
41,adjacent,345,8,346,7,likely_same
42,same_frame_far,1428,9,1428,6,likely_diff
43,adjacent,2050,12,2051,15,likely_same
44,adjacent,2491,4,2492,7,likely_same
45,adjacent,433,3,434,8,likely_same
46,same_frame_far,26,1,26,17,likely_diff
47,same_frame_far,562,4,562,17,likely_diff
48,adjacent,1119,12,1120,10,likely_same
49,same_frame_far,2799,15,2799,4,likely_diff
50,same_frame_far,259,2,259,9,likely_diff
51,same_frame_far,663,4,663,25,likely_diff
52,adjacent,2825,3,2826,8,likely_same
53,adjacent,1865,10,1866,14,likely_same
54,adjacent,475,2,476,0,likely_same
55,same_frame_far,865,7,865,17,likely_diff
56,same_frame_far,57,4,57,17,likely_diff
57,adjacent,2270,2,2271,7,likely_same
58,same_frame_far,32,4,32,5,likely_diff
59,adjacent,32,21,33,19,likely_same
60,adjacent,343,13,344,12,likely_same
61,adjacent,102,8,103,10,likely_same
62,adjacent,2651,10,2652,10,likely_same
63,same_frame_far,46,10,46,19,likely_diff
64,same_frame_far,1776,4,1776,11,likely_diff
65,adjacent,590,13,591,10,likely_same
66,adjacent,2254,3,2255,1,likely_same
67,same_frame_far,558,15,558,13,likely_diff
68,same_frame_far,708,9,708,8,likely_diff
69,same_frame_far,970,0,970,2,likely_diff
70,adjacent,2257,2,2258,2,likely_same
71,adjacent,536,20,537,29,likely_same
72,same_frame_far,494,18,494,7,likely_diff
73,adjacent,154,1,155,0,likely_same
74,adjacent,1597,13,1598,4,likely_same
75,same_frame_far,815,1,815,11,likely_diff
76,adjacent,2643,4,2644,8,likely_same
77,same_frame_far,432,24,432,21,likely_diff
78,adjacent,2664,7,2665,14,likely_same
79,adjacent,1686,5,1687,4,likely_same
80,adjacent,2807,8,2808,10,likely_same
81,same_frame_far,353,8,353,3,likely_diff
82,same_frame_far,719,17,719,9,likely_diff
83,same_frame_far,644,6,644,1,likely_diff
84,same_frame_far,636,23,636,19,likely_diff
85,adjacent,734,10,735,13,likely_same
86,adjacent,2787,13,2788,7,likely_same
87,same_frame_far,2134,9,2134,0,likely_diff
88,same_frame_far,1469,4,1469,16,likely_diff
89,same_frame_far,859,19,859,10,likely_diff
90,adjacent,47,3,48,3,likely_same
91,adjacent,2397,13,2398,6,likely_same
92,adjacent,1115,8,1116,5,likely_same
93,same_frame_far,304,12,304,13,likely_diff
94,adjacent,1803,1,1804,3,likely_same
95,adjacent,2799,20,2800,13,likely_same
96,same_frame_far,1356,16,1356,14,likely_diff
97,same_frame_far,830,10,830,1,likely_diff
98,adjacent,898,8,899,14,likely_same
99,same_frame_far,1214,13,1214,12,likely_diff
100,adjacent,566,16,567,12,likely_same
101,same_frame_far,2290,6,2290,16,likely_diff
102,same_frame_far,543,24,543,20,likely_diff
103,same_frame_far,767,12,767,3,likely_diff
104,adjacent,102,19,103,23,likely_same
105,adjacent,2827,8,2828,7,likely_same
106,same_frame_far,367,9,367,7,likely_diff
107,adjacent,674,12,675,6,likely_same
108,adjacent,2262,5,2263,1,likely_same
109,adjacent,420,0,421,3,likely_same
110,adjacent,2580,7,2581,6,likely_same
111,same_frame_far,475,16,475,26,likely_diff
112,adjacent,896,5,897,2,likely_same
113,same_frame_far,2023,1,2023,2,likely_diff
114,adjacent,1196,4,1197,8,likely_same
115,same_frame_far,1248,4,1248,11,likely_diff
116,same_frame_far,920,9,920,6,likely_diff
117,same_frame_far,1185,10,1185,15,likely_diff
118,same_frame_far,280,8,280,4,likely_diff
119,same_frame_far,786,5,786,2,likely_diff
120,adjacent,1353,1,1354,2,likely_same
121,same_frame_far,306,2,306,1,likely_diff
122,same_frame_far,2677,14,2677,5,likely_diff
123,adjacent,2486,5,2487,3,likely_same
124,adjacent,1084,2,1085,2,likely_same
125,same_frame_far,2613,13,2613,6,likely_diff
126,same_frame_far,2552,6,2552,0,likely_diff
127,same_frame_far,610,13,610,1,likely_diff
128,adjacent,2323,0,2324,3,likely_same
129,same_frame_far,351,1,351,7,likely_diff
130,adjacent,386,3,387,2,likely_same
131,adjacent,2808,11,2809,13,likely_same
132,same_frame_far,2531,5,2531,0,likely_diff
133,adjacent,25,5,26,5,likely_same
134,adjacent,1288,4,1289,1,likely_same
135,adjacent,851,20,852,19,likely_same
136,adjacent,2424,9,2425,10,likely_same
137,same_frame_far,2629,2,2629,17,likely_diff
138,same_frame_far,146,11,146,16,likely_diff
139,adjacent,2494,8,2495,7,likely_same
140,same_frame_far,756,1,756,7,likely_diff
141,adjacent,1295,1,1296,1,likely_same
142,same_frame_far,2775,13,2775,7,likely_diff
143,adjacent,2230,5,2231,2,likely_same
144,adjacent,1124,0,1125,0,likely_same
145,adjacent,403,3,404,0,likely_same
146,same_frame_far,2744,16,2744,18,likely_diff
147,same_frame_far,378,2,378,13,likely_diff
148,same_frame_far,900,14,900,4,likely_diff
149,adjacent,1779,5,1780,4,likely_same
150,same_frame_far,1527,8,1527,13,likely_diff
151,adjacent,2804,10,2805,5,likely_same
152,same_frame_far,137,12,137,5,likely_diff
153,adjacent,737,5,738,2,likely_same
154,adjacent,865,4,866,2,likely_same
155,adjacent,1785,7,1786,7,likely_same
156,adjacent,2684,15,2685,13,likely_same
157,adjacent,1879,2,1880,10,likely_same
158,same_frame_far,821,13,821,21,likely_diff
159,adjacent,1202,6,1203,18,likely_same
160,same_frame_far,280,13,280,10,likely_diff
161,adjacent,1043,0,1044,0,likely_same
162,same_frame_far,92,9,92,2,likely_diff
163,adjacent,1213,3,1214,3,likely_same
164,same_frame_far,1768,8,1768,1,likely_diff
165,same_frame_far,1063,7,1063,0,likely_diff
166,same_frame_far,863,19,863,25,likely_diff
167,same_frame_far,1887,6,1887,9,likely_diff
168,adjacent,29,1,30,1,likely_same
169,same_frame_far,763,5,763,25,likely_diff
170,adjacent,26,5,27,3,likely_same
171,same_frame_far,146,7,146,10,likely_diff
172,adjacent,2140,3,2141,9,likely_same
173,adjacent,279,15,280,13,likely_same
174,adjacent,481,20,482,20,likely_same
175,adjacent,2732,9,2733,11,likely_same
176,adjacent,1356,0,1357,3,likely_same
177,adjacent,267,12,268,11,likely_same
178,same_frame_far,382,15,382,8,likely_diff
179,adjacent,1686,5,1687,4,likely_same
180,adjacent,31,15,32,17,likely_same
181,same_frame_far,1102,4,1102,0,likely_diff
182,adjacent,292,5,293,2,likely_same
183,adjacent,2699,11,2700,0,likely_same
184,same_frame_far,2687,21,2687,12,likely_diff
185,same_frame_far,1838,0,1838,10,likely_diff
186,same_frame_far,1853,1,1853,3,likely_diff
187,adjacent,2635,0,2636,0,likely_same
188,adjacent,2354,4,2355,1,likely_same
189,same_frame_far,154,2,154,3,likely_diff
190,adjacent,1,9,2,8,likely_same
191,adjacent,2385,17,2386,11,likely_same
192,same_frame_far,974,1,974,4,likely_diff
193,same_frame_far,1059,1,1059,10,likely_diff
194,adjacent,1123,0,1124,0,likely_same
195,same_frame_far,2303,4,2303,0,likely_diff
196,adjacent,2652,10,2653,2,likely_same
197,same_frame_far,1085,3,1085,0,likely_diff
198,same_frame_far,705,5,705,13,likely_diff
199,same_frame_far,217,11,217,17,likely_diff
200,same_frame_far,2300,5,2300,12,likely_diff
201,adjacent,2154,3,2155,4,likely_same
202,adjacent,1167,5,1168,0,likely_same
203,adjacent,2815,8,2816,9,likely_same
204,adjacent,673,8,674,12,likely_same
205,same_frame_far,359,9,359,6,likely_diff
206,same_frame_far,1127,12,1127,1,likely_diff
207,same_frame_far,2221,9,2221,5,likely_diff
208,adjacent,815,12,816,14,likely_same
209,adjacent,348,3,349,2,likely_same
210,adjacent,2628,1,2629,0,likely_same
211,same_frame_far,1941,14,1941,1,likely_diff
212,adjacent,1245,6,1246,16,likely_same
213,adjacent,1918,1,1919,5,likely_same
214,adjacent,177,23,178,16,likely_same
215,same_frame_far,1271,0,1271,8,likely_diff
216,adjacent,4,21,5,21,likely_same
217,same_frame_far,1093,3,1093,8,likely_diff
218,same_frame_far,1117,4,1117,9,likely_diff
219,adjacent,2824,11,2825,6,likely_same
220,adjacent,403,1,404,3,likely_same
221,same_frame_far,501,5,501,15,likely_diff
222,same_frame_far,150,12,150,8,likely_diff
223,same_frame_far,933,0,933,4,likely_diff
224,same_frame_far,1439,8,1439,0,likely_diff
225,same_frame_far,411,1,411,14,likely_diff
226,adjacent,229,7,230,9,likely_same
227,same_frame_far,2002,8,2002,5,likely_diff
228,same_frame_far,682,22,682,7,likely_diff
229,adjacent,1208,4,1209,5,likely_same
230,adjacent,1491,13,1492,11,likely_same
231,adjacent,2717,3,2718,12,likely_same
232,adjacent,1217,12,1218,7,likely_same
233,adjacent,1576,6,1577,16,likely_same
234,same_frame_far,270,14,270,0,likely_diff
235,same_frame_far,1324,1,1324,14,likely_diff
236,same_frame_far,1888,0,1888,5,likely_diff
237,same_frame_far,66,22,66,8,likely_diff
238,adjacent,2803,9,2804,7,likely_same
239,same_frame_far,1145,8,1145,0,likely_diff
240,same_frame_far,402,15,402,11,likely_diff
241,same_frame_far,1386,4,1386,11,likely_diff
242,adjacent,369,9,370,14,likely_same
243,adjacent,2745,7,2746,2,likely_same
244,same_frame_far,437,8,437,1,likely_diff
245,same_frame_far,542,31,542,23,likely_diff
246,same_frame_far,1862,17,1862,5,likely_diff
247,adjacent,470,8,471,7,likely_same
248,same_frame_far,2503,0,2503,16,likely_diff
249,adjacent,2425,7,2426,5,likely_same
250,same_frame_far,1795,7,1795,1,likely_diff
251,adjacent,1320,7,1321,7,likely_same
252,same_frame_far,819,3,819,11,likely_diff
253,same_frame_far,2484,11,2484,2,likely_diff
254,adjacent,1109,4,1110,8,likely_same
255,adjacent,491,18,492,19,likely_same
256,adjacent,868,11,869,11,likely_same
257,adjacent,1324,3,1325,4,likely_same
258,same_frame_far,1828,11,1828,17,likely_diff
259,adjacent,555,14,556,18,likely_same
260,same_frame_far,923,7,923,0,likely_diff
261,adjacent,1352,10,1353,6,likely_same
262,adjacent,1948,8,1949,6,likely_same
263,adjacent,529,12,530,8,likely_same
264,same_frame_far,370,8,370,18,likely_diff
265,same_frame_far,373,20,373,4,likely_diff
266,adjacent,2129,6,2130,11,likely_same
267,same_frame_far,2427,4,2427,9,likely_diff
268,adjacent,2708,6,2709,8,likely_same
269,adjacent,651,29,652,22,likely_same
270,adjacent,522,1,523,1,likely_same
271,same_frame_far,2107,8,2107,0,likely_diff
272,same_frame_far,918,4,918,1,likely_diff
273,adjacent,772,7,773,21,likely_same
274,same_frame_far,2351,11,2351,6,likely_diff
275,same_frame_far,362,17,362,1,likely_diff
276,adjacent,356,9,357,13,likely_same
277,same_frame_far,1064,3,1064,8,likely_diff
278,adjacent,1760,3,1761,1,likely_same
279,adjacent,2481,4,2482,1,likely_same
280,adjacent,626,11,627,11,likely_same
281,same_frame_far,1498,8,1498,3,likely_diff
282,same_frame_far,1064,8,1064,3,likely_diff
283,adjacent,1468,11,1469,8,likely_same
284,same_frame_far,328,3,328,7,likely_diff
285,adjacent,2546,9,2547,16,likely_same
286,adjacent,1701,1,1702,2,likely_same
287,adjacent,1384,0,1385,0,likely_same
288,same_frame_far,817,16,817,18,likely_diff
289,adjacent,1919,11,1920,11,likely_same
290,same_frame_far,2188,1,2188,7,likely_diff
291,adjacent,2266,2,2267,1,likely_same
292,same_frame_far,898,6,898,24,likely_diff
293,adjacent,951,2,952,0,likely_same
294,same_frame_far,253,19,253,11,likely_diff
295,adjacent,314,10,315,14,likely_same
296,same_frame_far,335,17,335,0,likely_diff
297,adjacent,8,12,9,5,likely_same
298,same_frame_far,1100,3,1100,7,likely_diff
299,same_frame_far,2660,13,2660,1,likely_diff
300,same_frame_far,1008,0,1008,8,likely_diff
301,same_frame_far,2290,10,2290,5,likely_diff
302,adjacent,2530,0,2531,0,likely_same
303,same_frame_far,956,4,956,6,likely_diff
304,same_frame_far,2336,11,2336,3,likely_diff
305,same_frame_far,150,17,150,13,likely_diff
306,same_frame_far,2788,2,2788,9,likely_diff
307,same_frame_far,1346,8,1346,19,likely_diff
308,same_frame_far,1458,5,1458,2,likely_diff
309,same_frame_far,2345,2,2345,12,likely_diff
310,adjacent,260,15,261,25,likely_same
311,adjacent,2533,11,2534,11,likely_same
312,adjacent,1366,6,1367,7,likely_same
313,adjacent,2711,6,2712,10,likely_same
314,same_frame_far,1209,6,1209,5,likely_diff
315,same_frame_far,2662,21,2662,4,likely_diff
316,same_frame_far,2711,13,2711,8,likely_diff
317,same_frame_far,995,5,995,10,likely_diff
318,same_frame_far,1297,10,1297,1,likely_diff
319,adjacent,375,6,376,5,likely_same
320,same_frame_far,635,5,635,12,likely_diff
321,adjacent,2652,3,2653,0,likely_same
322,same_frame_far,2120,1,2120,10,likely_diff
323,adjacent,2453,2,2454,8,likely_same
324,adjacent,2394,6,2395,11,likely_same
325,same_frame_far,1219,1,1219,5,likely_diff
326,same_frame_far,2710,5,2710,0,likely_diff
327,adjacent,178,10,179,21,likely_same
328,adjacent,443,21,444,19,likely_same
329,same_frame_far,2392,4,2392,0,likely_diff
330,adjacent,506,14,507,12,likely_same
331,adjacent,1760,10,1761,9,likely_same
332,same_frame_far,1567,9,1567,1,likely_diff
333,adjacent,956,4,957,4,likely_same
334,adjacent,1574,7,1575,16,likely_same
335,same_frame_far,1237,7,1237,3,likely_diff
336,same_frame_far,2345,10,2345,4,likely_diff
337,adjacent,306,15,307,18,likely_same
338,same_frame_far,1823,10,1823,2,likely_diff
339,adjacent,961,4,962,6,likely_same
340,same_frame_far,1428,6,1428,15,likely_diff
341,same_frame_far,2079,7,2079,3,likely_diff
342,same_frame_far,2707,14,2707,11,likely_diff
343,same_frame_far,1099,8,1099,12,likely_diff
344,adjacent,1088,2,1089,6,likely_same
345,adjacent,1526,6,1527,13,likely_same
346,adjacent,1114,7,1115,9,likely_same
347,adjacent,2744,3,2745,3,likely_same
348,same_frame_far,67,14,67,9,likely_diff
349,adjacent,744,2,745,9,likely_same
350,adjacent,308,11,309,15,likely_same
351,adjacent,1175,4,1176,7,likely_same
352,adjacent,223,17,224,17,likely_same
353,same_frame_far,1721,1,1721,5,likely_diff
354,same_frame_far,894,5,894,28,likely_diff
355,adjacent,105,4,106,3,likely_same
356,same_frame_far,436,10,436,17,likely_diff
357,adjacent,1000,8,1001,7,likely_same
358,same_frame_far,1994,6,1994,2,likely_diff
359,adjacent,1885,11,1886,3,likely_same
360,same_frame_far,493,6,493,11,likely_diff
361,adjacent,2705,2,2706,14,likely_same
362,same_frame_far,2398,3,2398,5,likely_diff
363,same_frame_far,109,10,109,4,likely_diff
364,same_frame_far,1301,18,1301,8,likely_diff
365,same_frame_far,1613,5,1613,14,likely_diff
366,same_frame_far,665,9,665,13,likely_diff
367,same_frame_far,414,14,414,17,likely_diff
368,same_frame_far,352,1,352,12,likely_diff
369,adjacent,158,15,159,8,likely_same
370,same_frame_far,883,9,883,2,likely_diff
371,same_frame_far,2168,0,2168,1,likely_diff
372,adjacent,163,11,164,14,likely_same
373,same_frame_far,2438,5,2438,3,likely_diff
374,adjacent,785,13,786,11,likely_same
375,same_frame_far,2796,3,2796,15,likely_diff
376,adjacent,249,15,250,8,likely_same
377,adjacent,300,17,301,26,likely_same
378,same_frame_far,2464,2,2464,5,likely_diff
379,same_frame_far,90,13,90,0,likely_diff
380,same_frame_far,2616,21,2616,13,likely_diff
381,adjacent,349,1,350,3,likely_same
382,same_frame_far,1849,1,1849,12,likely_diff
383,adjacent,2455,8,2456,14,likely_same
384,same_frame_far,799,3,799,19,likely_diff
385,same_frame_far,387,14,387,3,likely_diff
386,adjacent,963,3,964,5,likely_same
387,adjacent,1259,2,1260,2,likely_same
388,adjacent,2281,6,2282,6,likely_same
389,same_frame_far,734,9,734,17,likely_diff
390,same_frame_far,1706,18,1706,15,likely_diff
391,adjacent,2442,1,2443,3,likely_same
392,same_frame_far,417,0,417,9,likely_diff
393,adjacent,1340,3,1341,8,likely_same
394,same_frame_far,1546,14,1546,25,likely_diff
395,same_frame_far,297,1,297,19,likely_diff
396,adjacent,2253,0,2254,0,likely_same
397,adjacent,679,8,680,4,likely_same
398,same_frame_far,128,3,128,16,likely_diff
399,adjacent,2717,3,2718,12,likely_same
400,adjacent,1365,10,1366,21,likely_same
401,adjacent,617,7,618,4,likely_same
402,adjacent,2276,0,2277,2,likely_same
403,adjacent,2390,3,2391,5,likely_same
404,same_frame_far,766,1,766,13,likely_diff
405,adjacent,2280,0,2281,0,likely_same
406,adjacent,347,1,348,1,likely_same
407,same_frame_far,1672,12,1672,0,likely_diff
408,adjacent,528,19,529,14,likely_same
409,adjacent,725,15,726,16,likely_same
410,adjacent,623,7,624,8,likely_same
411,same_frame_far,2380,4,2380,8,likely_diff
412,adjacent,291,21,292,13,likely_same
413,adjacent,1620,10,1621,3,likely_same
414,adjacent,2603,14,2604,11,likely_same
415,adjacent,1938,2,1939,4,likely_same
416,adjacent,2542,4,2543,4,likely_same
417,adjacent,643,3,644,4,likely_same
418,adjacent,2813,7,2814,18,likely_same
419,adjacent,864,8,865,7,likely_same
420,same_frame_far,1288,6,1288,3,likely_diff
421,same_frame_far,1583,1,1583,6,likely_diff
422,adjacent,292,1,293,1,likely_same
423,adjacent,625,6,626,10,likely_same
424,same_frame_far,264,12,264,8,likely_diff
425,adjacent,211,6,212,7,likely_same
426,same_frame_far,2823,14,2823,30,likely_diff
427,adjacent,105,2,106,0,likely_same
428,adjacent,2459,4,2460,11,likely_same
429,adjacent,350,3,351,4,likely_same
430,same_frame_far,421,2,421,8,likely_diff
431,adjacent,1529,7,1530,6,likely_same
432,same_frame_far,834,3,834,5,likely_diff
433,adjacent,2216,0,2217,0,likely_same
434,adjacent,245,18,246,17,likely_same
435,same_frame_far,2655,32,2655,10,likely_diff
436,same_frame_far,777,5,777,17,likely_diff
437,same_frame_far,1161,5,1161,13,likely_diff
438,same_frame_far,1055,15,1055,8,likely_diff
439,same_frame_far,822,2,822,16,likely_diff
440,same_frame_far,1469,13,1469,7,likely_diff
441,adjacent,2698,8,2699,12,likely_same
442,adjacent,307,5,308,2,likely_same
443,adjacent,1904,7,1905,4,likely_same
444,adjacent,2467,0,2468,1,likely_same
445,adjacent,1509,8,1510,7,likely_same
446,same_frame_far,10,12,10,1,likely_diff
447,same_frame_far,1484,12,1484,2,likely_diff
448,adjacent,2702,15,2703,16,likely_same
449,same_frame_far,1479,15,1479,1,likely_diff
450,same_frame_far,1703,0,1703,7,likely_diff
451,same_frame_far,1263,0,1263,3,likely_diff
452,adjacent,2324,8,2325,9,likely_same
453,same_frame_far,717,11,717,16,likely_diff
454,same_frame_far,1002,7,1002,10,likely_diff
455,same_frame_far,1161,3,1161,1,likely_diff
456,same_frame_far,1511,6,1511,2,likely_diff
457,same_frame_far,2712,0,2712,21,likely_diff
458,same_frame_far,1372,5,1372,10,likely_diff
459,adjacent,937,5,938,13,likely_same
460,adjacent,303,9,304,8,likely_same
461,same_frame_far,525,14,525,11,likely_diff
462,same_frame_far,279,20,279,6,likely_diff
463,same_frame_far,521,4,521,13,likely_diff
464,adjacent,1238,0,1239,0,likely_same
465,same_frame_far,1175,8,1175,1,likely_diff
466,same_frame_far,338,2,338,10,likely_diff
467,adjacent,670,9,671,9,likely_same
468,same_frame_far,2075,3,2075,6,likely_diff
469,same_frame_far,513,1,513,6,likely_diff
470,same_frame_far,841,26,841,5,likely_diff
471,same_frame_far,883,16,883,3,likely_diff
472,adjacent,2621,11,2622,10,likely_same
473,same_frame_far,449,12,449,15,likely_diff
474,adjacent,79,11,80,20,likely_same
475,same_frame_far,227,11,227,4,likely_diff
476,same_frame_far,1517,14,1517,8,likely_diff
477,same_frame_far,2217,7,2217,1,likely_diff
478,adjacent,1330,10,1331,9,likely_same
479,same_frame_far,1478,6,1478,0,likely_diff
480,same_frame_far,2696,8,2696,20,likely_diff
481,adjacent,1741,0,1742,4,likely_same
482,adjacent,1207,3,1208,7,likely_same
483,adjacent,871,4,872,14,likely_same
484,adjacent,1145,4,1146,8,likely_same
485,adjacent,62,23,63,17,likely_same
486,same_frame_far,148,6,148,8,likely_diff
487,same_frame_far,2019,0,2019,2,likely_diff
488,adjacent,881,12,882,9,likely_same
489,adjacent,1392,16,1393,7,likely_same
490,same_frame_far,777,6,777,0,likely_diff
491,same_frame_far,2691,14,2691,8,likely_diff
492,adjacent,608,14,609,15,likely_same
493,same_frame_far,909,15,909,5,likely_diff
494,same_frame_far,1566,13,1566,1,likely_diff
495,adjacent,207,10,208,24,likely_same
496,same_frame_far,2251,4,2251,13,likely_diff
497,adjacent,778,19,779,13,likely_same
498,adjacent,2826,5,2827,14,likely_same
499,adjacent,118,5,119,4,likely_same
