ix,iy,x_center,y_center,range,point_count,risk,confidence,sigma_r,lambda_min,lambda_max
0,25,-4.750000,-2.250000,5.462365,107,0.288543,0.817921,0.012984,0,0
0,26,-4.750000,-1.750000,5.393880,166,0.288928,0.820204,0.012909,0,0
0,27,-4.750000,-1.250000,5.248800,175,0.288927,0.825040,0.012755,0,0
0,28,-4.750000,-0.750000,5.134267,180,0.294349,0.828858,0.012636,0,0
0,29,-4.750000,-0.250000,5.080821,166,0.425743,0.830639,0.012581,0,0
0,30,-4.750000,0.250000,5.048271,174,0.534398,0.831724,0.012549,0,0
0,31,-4.750000,0.750000,5.088890,173,0.180737,0.830370,0.012590,0,0
0,32,-4.750000,1.250000,5.233227,177,0.520202,0.825559,0.012739,0,0
0,33,-4.750000,1.750000,5.318482,168,1.000000,0.822717,0.012829,0,0
0,34,-4.750000,2.250000,5.505656,142,1.000000,0.816478,0.013031,0,0
0,35,-4.750000,2.750000,5.741207,151,1.000000,0.808626,0.013296,0,0
0,36,-4.750000,3.250000,6.011778,72,1.000000,0.799607,0.013614,0,0
0,37,-4.750000,3.750000,6.163273,22,1.000000,0.794558,0.013799,0,0
0,38,-4.750000,4.250000,6.769732,56,1.000000,0.774342,0.014583,0,0
0,39,-4.750000,4.750000,6.875376,16,1.000000,0.616657,0.014727,0,0
0,40,-4.750000,5.250000,7.256600,15,1.000000,0.568585,0.015266,0,0
0,41,-4.750000,5.750000,7.597001,4,0.220799,0.149353,0.015771,0,0
0,42,-4.750000,6.250000,8.022667,3,1.000000,0.109887,0.016436,0,0
0,43,-4.750000,6.750000,8.262857,7,1.000000,0.253600,0.016827,0,0
0,44,-4.750000,7.250000,0.000000,2,0.000000,0.000000,0.010000,0,0
0,45,-4.750000,7.750000,0.000000,1,0.000000,0.000000,0.010000,0,0
0,46,-4.750000,8.250000,0.000000,1,0.000000,0.000000,0.010000,0,0
0,47,-4.750000,8.750000,0.000000,1,0.000000,0.000000,0.010000,0,0
0,48,-4.750000,9.250000,0.000000,1,0.000000,0.000000,0.010000,0,0
0,55,-4.750000,12.750000,0.000000,1,0.000000,0.000000,0.010000,0,0
1,24,-4.250000,-2.750000,5.047500,4,1.000000,0.166350,0.012548,0,0
1,25,-4.250000,-2.250000,4.965200,55,0.140089,0.834493,0.012465,0,0
1,26,-4.250000,-1.750000,4.742837,104,0.237379,0.841905,0.012249,0,0
1,27,-4.250000,-1.250000,4.552452,113,0.156382,0.848252,0.012072,0,0
1,28,-4.250000,-0.750000,4.428737,129,0.137484,0.852375,0.011961,0,0
1,29,-4.250000,-0.250000,4.336277,141,0.270671,0.855457,0.011880,0,0
1,30,-4.250000,0.250000,4.357609,143,0.201682,0.854746,0.011899,0,0
1,31,-4.250000,0.750000,4.405263,118,0.074056,0.853158,0.011941,0,0
1,32,-4.250000,1.250000,4.552650,129,0.229159,0.848245,0.012073,0,0
1,33,-4.250000,1.750000,4.675553,165,1.000000,0.844148,0.012186,0,0
1,34,-4.250000,2.250000,4.868454,134,1.000000,0.837718,0.012370,0,0
1,35,-4.250000,2.750000,5.042927,81,1.000000,0.831902,0.012543,0,0
1,36,-4.250000,3.250000,5.218091,33,1.000000,0.826064,0.012723,0,0
1,37,-4.250000,3.750000,5.708667,3,1.000000,0.121457,0.013259,0,0
1,38,-4.250000,4.250000,0.000000,2,0.000000,0.000000,0.010000,0,0
1,39,-4.250000,4.750000,0.000000,2,0.000000,0.000000,0.010000,0,0
1,41,-4.250000,5.750000,7.046000,3,0.676690,0.114770,0.014965,0,0
1,42,-4.250000,6.250000,7.580500,4,1.000000,0.149463,0.015746,0,0
1,43,-4.250000,6.750000,7.991728,11,1.000000,0.403485,0.016387,0,0
1,44,-4.250000,7.250000,0.000000,2,0.000000,0.000000,0.010000,0,0
1,45,-4.250000,7.750000,0.000000,1,0.000000,0.000000,0.010000,0,0
1,49,-4.250000,9.750000,0.000000,2,0.000000,0.000000,0.010000,0,0
1,52,-4.250000,11.250000,0.000000,2,0.000000,0.000000,0.010000,0,0
2,24,-3.750000,-2.750000,4.602539,13,0.029539,0.550278,0.012118,0,0
2,25,-3.750000,-2.250000,4.545916,71,0.194776,0.848469,0.012067,0,0
2,26,-3.750000,-1.750000,4.277308,150,0.305418,0.857423,0.011830,0,0
2,27,-3.750000,-1.250000,4.142423,149,0.395190,0.861919,0.011716,0,0
2,28,-3.750000,-0.750000,4.058206,112,0.227736,0.864726,0.011647,0,0
2,29,-3.750000,-0.250000,3.980219,101,0.091447,0.867326,0.011584,0,0
2,30,-3.750000,0.250000,3.917974,153,0.340476,0.869401,0.011535,0,0
2,31,-3.750000,0.750000,3.954291,165,0.208025,0.868190,0.011564,0,0
2,32,-3.750000,1.250000,4.097893,158,0.132223,0.863404,0.011679,0,0
2,33,-3.750000,1.750000,4.248677,148,0.933268,0.858377,0.011805,0,0
2,34,-3.750000,2.250000,4.499331,154,1.000000,0.850022,0.012024,0,0
2,35,-3.750000,2.750000,4.695424,163,1.000000,0.843486,0.012205,0,0
2,36,-3.750000,3.250000,4.924876,32,0.569023,0.835837,0.012425,0,0
2,38,-3.750000,4.250000,5.683539,13,1.000000,0.526857,0.013230,0,0
2,39,-3.750000,4.750000,0.000000,1,0.000000,0.000000,0.010000,0,0
2,41,-3.750000,5.750000,6.905000,5,1.000000,0.192458,0.014768,0,0
2,43,-3.750000,6.750000,7.875667,6,1.000000,0.221243,0.016203,0,0
2,44,-3.750000,7.250000,8.124333,3,1.000000,0.109378,0.016600,0,0
2,45,-3.750000,7.750000,0.000000,2,0.000000,0.000000,0.010000,0,0
2,46,-3.750000,8.250000,0.000000,2,0.000000,0.000000,0.010000,0,0
2,47,-3.750000,8.750000,0.000000,1,0.000000,0.000000,0.010000,0,0
2,58,-3.750000,14.250000,14.665334,3,1.000000,0.076673,0.031507,0,0
2,59,-3.750000,14.750000,0.000000,1,0.000000,0.000000,0.010000,0,0
3,24,-3.250000,-2.750000,4.432333,3,0.226624,0.127838,0.011965,0,0
3,25,-3.250000,-2.250000,4.107513,76,0.161188,0.863083,0.011687,0,0
3,26,-3.250000,-1.750000,3.970520,75,0.225443,0.867649,0.011577,0,0
3,27,-3.250000,-1.250000,3.830154,13,0.159573,0.567013,0.011467,0,0
3,30,-3.250000,0.250000,3.643500,4,0.301865,0.175710,0.011328,0,0
3,31,-3.250000,0.750000,3.729727,11,0.291318,0.481622,0.011391,0,0
3,32,-3.250000,1.250000,3.766000,88,0.083178,0.874467,0.011418,0,0
3,33,-3.250000,1.750000,3.845813,198,0.415501,0.871806,0.011479,0,0
3,34,-3.250000,2.250000,4.047401,205,0.695650,0.865087,0.011638,0,0
3,35,-3.250000,2.750000,4.325624,184,1.000000,0.855813,0.011871,0,0
3,36,-3.250000,3.250000,4.540200,50,0.857866,0.848660,0.012061,0,0
3,37,-3.250000,3.750000,4.991861,36,0.953199,0.833605,0.012492,0,0
3,38,-3.250000,4.250000,5.353299,57,1.000000,0.821557,0.012866,0,0
3,39,-3.250000,4.750000,5.642501,16,1.000000,0.649533,0.013184,0,0
3,40,-3.250000,5.250000,6.024000,3,1.000000,0.119880,0.013629,0,0
3,41,-3.250000,5.750000,0.000000,1,0.000000,0.000000,0.010000,0,0
3,42,-3.250000,6.250000,0.000000,1,0.000000,0.000000,0.010000,0,0
3,43,-3.250000,6.750000,7.545875,8,0.820084,0.299388,0.015694,0,0
3,44,-3.250000,7.250000,7.872834,6,1.000000,0.221272,0.016198,0,0
3,45,-3.250000,7.750000,0.000000,2,0.000000,0.000000,0.010000,0,0
3,58,-3.250000,14.250000,14.741001,3,0.980812,0.076295,0.031730,0,0
4,25,-2.750000,-2.250000,3.957750,4,0.309042,0.173615,0.011566,0,0
4,33,-2.750000,1.750000,3.522428,91,0.206176,0.882586,0.011241,0,0
4,34,-2.750000,2.250000,3.683218,252,1.000000,0.877226,0.011357,0,0
4,35,-2.750000,2.750000,3.930419,284,1.000000,0.868986,0.011545,0,0
4,36,-2.750000,3.250000,4.328624,128,1.000000,0.855713,0.011874,0,0
4,37,-2.750000,3.750000,4.704145,76,1.000000,0.843195,0.012213,0,0
4,38,-2.750000,4.250000,5.140053,56,1.000000,0.828665,0.012642,0,0
4,39,-2.750000,4.750000,5.489650,40,1.000000,0.817012,0.013014,0,0
4,40,-2.750000,5.250000,5.832201,5,0.991611,0.201398,0.013401,0,0
4,41,-2.750000,5.750000,6.333616,13,0.415054,0.512772,0.014011,0,0
4,42,-2.750000,6.250000,6.736572,7,0.509630,0.271407,0.014538,0,0
4,43,-2.750000,6.750000,0.000000,2,0.000000,0.000000,0.010000,0,0
4,45,-2.750000,7.750000,0.000000,2,0.000000,0.000000,0.010000,0,0
4,47,-2.750000,8.750000,0.000000,1,0.000000,0.000000,0.010000,0,0
4,48,-2.750000,9.250000,0.000000,1,0.000000,0.000000,0.010000,0,0
4,55,-2.750000,12.750000,0.000000,1,0.000000,0.000000,0.010000,0,0
4,57,-2.750000,13.750000,0.000000,1,0.000000,0.000000,0.010000,0,0
4,58,-2.750000,14.250000,0.000000,1,0.000000,0.000000,0.010000,0,0
5,34,-2.250000,2.250000,3.433295,112,0.236916,0.885557,0.011179,0,0
5,35,-2.250000,2.750000,3.650231,293,1.000000,0.878326,0.011332,0,0
5,36,-2.250000,3.250000,3.997173,196,1.000000,0.866761,0.011598,0,0
5,37,-2.250000,3.750000,4.403738,65,1.000000,0.853209,0.011939,0,0
5,38,-2.250000,4.250000,4.839518,29,1.000000,0.838683,0.012342,0,0
5,39,-2.250000,4.750000,5.349509,51,1.000000,0.821683,0.012862,0,0
5,40,-2.250000,5.250000,5.671222,18,1.000000,0.729863,0.013216,0,0
5,41,-2.250000,5.750000,0.000000,1,0.000000,0.000000,0.010000,0,0
5,43,-2.250000,6.750000,0.000000,2,0.000000,0.000000,0.010000,0,0
5,44,-2.250000,7.250000,0.000000,1,0.000000,0.000000,0.010000,0,0
5,45,-2.250000,7.750000,8.065462,13,1.000000,0.475248,0.016505,0,0
5,46,-2.250000,8.250000,8.468501,4,1.000000,0.143543,0.017172,0,0
5,47,-2.250000,8.750000,0.000000,1,0.000000,0.000000,0.010000,0,0
5,49,-2.250000,9.750000,0.000000,1,0.000000,0.000000,0.010000,0,0
5,52,-2.250000,11.250000,0.000000,1,0.000000,0.000000,0.010000,0,0
5,53,-2.250000,11.750000,0.000000,2,0.000000,0.000000,0.010000,0,0
5,55,-2.250000,12.750000,0.000000,1,0.000000,0.000000,0.010000,0,0
5,58,-2.250000,14.250000,0.000000,2,0.000000,0.000000,0.010000,0,0
5,59,-2.250000,14.750000,0.000000,1,0.000000,0.000000,0.010000,0,0
6,34,-1.750000,2.250000,3.240667,3,1.000000,0.133797,0.011050,0,0
6,35,-1.750000,2.750000,3.381902,288,1.000000,0.887270,0.011144,0,0
6,36,-1.750000,3.250000,3.733377,170,1.000000,0.875554,0.011394,0,0
6,37,-1.750000,3.750000,4.155528,57,0.916039,0.861482,0.011727,0,0
6,38,-1.750000,4.250000,4.598826,23,0.894035,0.846706,0.012115,0,0
6,39,-1.750000,4.750000,5.134734,30,1.000000,0.828842,0.012637,0,0
6,40,-1.750000,5.250000,5.484236,17,1.000000,0.694613,0.013008,0,0
6,41,-1.750000,5.750000,0.000000,2,0.000000,0.000000,0.010000,0,0
6,42,-1.750000,6.250000,6.570251,8,1.000000,0.312397,0.014317,0,0
6,43,-1.750000,6.750000,6.921000,3,1.000000,0.115395,0.014790,0,0
6,45,-1.750000,7.750000,0.000000,1,0.000000,0.000000,0.010000,0,0
6,46,-1.750000,8.250000,0.000000,2,0.000000,0.000000,0.010000,0,0
6,47,-1.750000,8.750000,0.000000,1,0.000000,0.000000,0.010000,0,0
6,51,-1.750000,10.750000,0.000000,2,0.000000,0.000000,0.010000,0,0
6,52,-1.750000,11.250000,0.000000,1,0.000000,0.000000,0.010000,0,0
6,55,-1.750000,12.750000,0.000000,1,0.000000,0.000000,0.010000,0,0
6,59,-1.750000,14.750000,0.000000,2,0.000000,0.000000,0.010000,0,0
7,35,-1.250000,2.750000,3.186713,302,1.000000,0.893776,0.011016,0,0
7,36,-1.250000,3.250000,3.527014,142,0.578550,0.882433,0.011244,0,0
7,37,-1.250000,3.750000,3.989806,72,1.000000,0.867006,0.011592,0,0
7,38,-1.250000,4.250000,4.440412,34,1.000000,0.851986,0.011972,0,0
7,39,-1.250000,4.750000,4.964001,58,1.000000,0.834533,0.012464,0,0
7,40,-1.250000,5.250000,0.000000,2,0.000000,0.000000,0.010000,0,0
7,41,-1.250000,5.750000,5.870200,5,0.701074,0.201082,0.013446,0,0
7,42,-1.250000,6.250000,6.452000,9,1.000000,0.353220,0.014163,0,0
7,44,-1.250000,7.250000,0.000000,1,0.000000,0.000000,0.010000,0,0
7,45,-1.250000,7.750000,7.878500,6,1.000000,0.221215,0.016207,0,0
7,46,-1.250000,8.250000,8.254001,3,0.423589,0.108730,0.016813,0,0
7,48,-1.250000,9.250000,0.000000,2,0.000000,0.000000,0.010000,0,0
8,35,-0.750000,2.750000,3.053663,237,0.562871,0.898211,0.010932,0,0
8,36,-0.750000,3.250000,3.399575,80,0.705754,0.886681,0.011156,0,0
8,37,-0.750000,3.750000,3.828334,12,0.454958,0.523433,0.011466,0,0
8,38,-0.750000,4.250000,4.481630,27,1.000000,0.850612,0.012009,0,0
8,39,-0.750000,4.750000,4.779025,41,0.998212,0.840699,0.012284,0,0
8,40,-0.750000,5.250000,0.000000,2,0.000000,0.000000,0.010000,0,0
8,41,-0.750000,5.750000,5.836000,4,1.000000,0.161093,0.013406,0,0
8,42,-0.750000,6.250000,0.000000,1,0.000000,0.000000,0.010000,0,0
8,43,-0.750000,6.750000,6.720334,3,1.000000,0.116398,0.014516,0,0
8,45,-0.750000,7.750000,0.000000,1,0.000000,0.000000,0.010000,0,0
8,47,-0.750000,8.750000,0.000000,1,0.000000,0.000000,0.010000,0,0
8,53,-0.750000,11.750000,0.000000,1,0.000000,0.000000,0.010000,0,0
8,55,-0.750000,12.750000,0.000000,1,0.000000,0.000000,0.010000,0,0
8,59,-0.750000,14.750000,0.000000,1,0.000000,0.000000,0.010000,0,0
9,35,-0.250000,2.750000,3.031815,65,0.599606,0.898939,0.010919,0,0
9,36,-0.250000,3.250000,3.328601,83,0.709514,0.889047,0.011108,0,0
9,37,-0.250000,3.750000,3.875868,53,1.000000,0.870804,0.011502,0,0
9,38,-0.250000,4.250000,4.369628,164,1.000000,0.854346,0.011909,0,0
9,39,-0.250000,4.750000,4.747287,28,1.000000,0.841757,0.012254,0,0
9,40,-0.250000,5.250000,5.271501,4,1.000000,0.164857,0.012779,0,0
9,41,-0.250000,5.750000,5.810213,33,1.000000,0.806326,0.013376,0,0
9,42,-0.250000,6.250000,6.158515,31,1.000000,0.794716,0.013793,0,0
9,43,-0.250000,6.750000,6.761333,3,1.000000,0.116193,0.014572,0,0
9,50,-0.250000,10.250000,0.000000,2,0.000000,0.000000,0.010000,0,0
9,51,-0.250000,10.750000,10.636001,3,1.000000,0.096820,0.021312,0,0
9,53,-0.250000,11.750000,0.000000,2,0.000000,0.000000,0.010000,0,0
9,55,-0.250000,12.750000,0.000000,1,0.000000,0.000000,0.010000,0,0
10,35,0.250000,2.750000,3.127778,9,1.000000,0.403083,0.010978,0,0
10,36,0.250000,3.250000,3.396669,175,0.955969,0.886778,0.011154,0,0
10,37,0.250000,3.750000,3.808788,71,1.000000,0.873040,0.011451,0,0
10,38,0.250000,4.250000,4.364107,66,1.000000,0.854530,0.011905,0,0
10,39,0.250000,4.750000,4.820652,49,1.000000,0.839312,0.012324,0,0
10,40,0.250000,5.250000,5.326000,16,1.000000,0.657973,0.012837,0,0
10,41,0.250000,5.750000,5.727653,23,1.000000,0.809078,0.013281,0,0
10,42,0.250000,6.250000,6.239838,49,1.000000,0.792005,0.013894,0,0
10,43,0.250000,6.750000,6.783000,7,1.000000,0.270865,0.014601,0,0
10,44,0.250000,7.250000,7.083001,3,1.000000,0.114585,0.015017,0,0
10,47,0.250000,8.750000,0.000000,2,0.000000,0.000000,0.010000,0,0
10,49,0.250000,9.750000,9.847333,3,1.000000,0.100763,0.019697,0,0
10,50,0.250000,10.250000,0.000000,1,0.000000,0.000000,0.010000,0,0
10,54,0.250000,12.250000,0.000000,1,0.000000,0.000000,0.010000,0,0
11,35,0.750000,2.750000,3.099120,84,0.523586,0.896696,0.010960,0,0
11,36,0.750000,3.250000,3.412978,233,0.916164,0.886234,0.011165,0,0
11,37,0.750000,3.750000,3.902495,93,0.589675,0.869917,0.011523,0,0
11,38,0.750000,4.250000,4.343565,62,0.823657,0.855214,0.011887,0,0
11,39,0.750000,4.750000,4.873842,38,1.000000,0.837539,0.012375,0,0
11,40,0.750000,5.250000,5.328842,38,1.000000,0.822372,0.012840,0,0
11,41,0.750000,5.750000,5.757520,25,1.000000,0.808083,0.013315,0,0
11,42,0.750000,6.250000,6.268401,5,1.000000,0.197763,0.013929,0,0
11,43,0.750000,6.750000,0.000000,1,0.000000,0.000000,0.010000,0,0
11,44,0.750000,7.250000,0.000000,1,0.000000,0.000000,0.010000,0,0
11,46,0.750000,8.250000,8.284333,3,0.548988,0.108578,0.016863,0,0
11,47,0.750000,8.750000,0.000000,1,0.000000,0.000000,0.010000,0,0
11,48,0.750000,9.250000,0.000000,1,0.000000,0.000000,0.010000,0,0
11,49,0.750000,9.750000,0.000000,1,0.000000,0.000000,0.010000,0,0
11,50,0.750000,10.250000,10.358400,5,1.000000,0.163680,0.020730,0,0
11,51,0.750000,10.750000,0.000000,1,0.000000,0.000000,0.010000,0,0
12,35,1.250000,2.750000,3.299091,11,1.000000,0.489517,0.011088,0,0
12,36,1.250000,3.250000,3.573583,185,1.000000,0.880881,0.011277,0,0
12,37,1.250000,3.750000,4.098248,121,1.000000,0.863392,0.011680,0,0
12,38,1.250000,4.250000,4.507408,140,1.000000,0.849753,0.012032,0,0
12,39,1.250000,4.750000,4.902449,38,0.700864,0.836585,0.012403,0,0
12,40,1.250000,5.250000,5.350438,16,0.981718,0.657322,0.012863,0,0
12,41,1.250000,5.750000,5.893600,10,0.658765,0.401773,0.013473,0,0
12,42,1.250000,6.250000,6.455334,6,1.000000,0.235447,0.014167,0,0
12,43,1.250000,6.750000,6.803667,6,1.000000,0.231963,0.014629,0,0
12,44,1.250000,7.250000,0.000000,2,0.000000,0.000000,0.010000,0,0
12,45,1.250000,7.750000,7.978334,3,1.000000,0.110108,0.016365,0,0
12,46,1.250000,8.250000,0.000000,2,0.000000,0.000000,0.010000,0,0
12,47,1.250000,8.750000,0.000000,1,0.000000,0.000000,0.010000,0,0
12,48,1.250000,9.250000,0.000000,1,0.000000,0.000000,0.010000,0,0
12,51,1.250000,10.750000,0.000000,1,0.000000,0.000000,0.010000,0,0
13,35,1.750000,2.750000,3.673000,8,0.317096,0.351027,0.011349,0,0
13,36,1.750000,3.250000,3.786277,178,1.000000,0.873791,0.011434,0,0
13,37,1.750000,3.750000,4.302457,217,1.000000,0.856585,0.011851,0,0
13,38,1.750000,4.250000,4.566741,139,1.000000,0.847775,0.012086,0,0
13,39,1.750000,4.750000,4.998846,13,0.795748,0.541692,0.012499,0,0
13,40,1.750000,5.250000,0.000000,1,0.000000,0.000000,0.010000,0,0
13,41,1.750000,5.750000,6.112667,3,1.000000,0.119437,0.013736,0,0
13,42,1.750000,6.250000,6.450667,6,1.000000,0.235493,0.014161,0,0
13,43,1.750000,6.750000,0.000000,1,0.000000,0.000000,0.010000,0,0
13,44,1.750000,7.250000,7.627333,3,1.000000,0.111863,0.015818,0,0
13,45,1.750000,7.750000,8.015143,7,1.000000,0.256490,0.016424,0,0
13,48,1.750000,9.250000,0.000000,2,0.000000,0.000000,0.010000,0,0
13,52,1.750000,11.250000,0.000000,1,0.000000,0.000000,0.010000,0,0
14,35,2.250000,2.750000,3.937500,18,0.275796,0.781875,0.011550,0,0
14,36,2.250000,3.250000,4.121669,163,1.000000,0.862611,0.011699,0,0
14,37,2.250000,3.750000,4.486300,127,1.000000,0.850457,0.012013,0,0
14,38,2.250000,4.250000,4.801623,61,1.000000,0.839946,0.012306,0,0
14,39,2.250000,4.750000,5.280792,24,0.722274,0.823974,0.012789,0,0
14,40,2.250000,5.250000,5.766050,20,1.000000,0.807798,0.013325,0,0
14,41,2.250000,5.750000,6.342429,7,0.545641,0.276005,0.014023,0,0
14,42,2.250000,6.250000,6.739000,9,1.000000,0.348915,0.014541,0,0
14,44,2.250000,7.250000,0.000000,2,0.000000,0.000000,0.010000,0,0
14,45,2.250000,7.750000,8.021800,5,1.000000,0.183152,0.016435,0,0
14,46,2.250000,8.250000,8.687000,3,1.000000,0.106565,0.017546,0,0
14,47,2.250000,8.750000,0.000000,2,0.000000,0.000000,0.010000,0,0
14,48,2.250000,9.250000,0.000000,2,0.000000,0.000000,0.010000,0,0
14,49,2.250000,9.750000,0.000000,1,0.000000,0.000000,0.010000,0,0
14,52,2.250000,11.250000,0.000000,2,0.000000,0.000000,0.010000,0,0
14,55,2.250000,12.750000,12.797668,3,1.000000,0.086012,0.026378,0,0
15,34,2.750000,2.250000,3.922000,3,0.595265,0.130390,0.011538,0,0
15,35,2.750000,2.750000,4.105006,134,1.000000,0.863166,0.011685,0,0
15,36,2.750000,3.250000,4.416292,172,1.000000,0.852790,0.011950,0,0
15,37,2.750000,3.750000,4.701882,176,1.000000,0.843271,0.012211,0,0
15,38,2.750000,4.250000,5.157855,55,1.000000,0.828072,0.012660,0,0
15,39,2.750000,4.750000,5.576107,56,1.000000,0.814130,0.013109,0,0
15,40,2.750000,5.250000,6.023865,52,1.000000,0.799205,0.013629,0,0
15,41,2.750000,5.750000,6.384467,15,1.000000,0.590388,0.014076,0,0
15,42,2.750000,6.250000,6.864563,16,1.000000,0.616945,0.014712,0,0
15,43,2.750000,6.750000,0.000000,1,0.000000,0.000000,0.010000,0,0
15,44,2.750000,7.250000,0.000000,1,0.000000,0.000000,0.010000,0,0
15,45,2.750000,7.750000,0.000000,1,0.000000,0.000000,0.010000,0,0
15,46,2.750000,8.250000,0.000000,1,0.000000,0.000000,0.010000,0,0
15,48,2.750000,9.250000,9.615001,3,1.000000,0.101925,0.019245,0,0
15,52,2.750000,11.250000,11.604501,4,1.000000,0.122637,0.023466,0,0
15,56,2.750000,13.250000,0.000000,1,0.000000,0.000000,0.010000,0,0
16,33,3.250000,1.750000,0.000000,1,0.000000,0.000000,0.010000,0,0
16,34,3.250000,2.250000,4.298938,32,1.000000,0.856702,0.011848,0,0
16,35,3.250000,2.750000,4.376129,150,1.000000,0.854129,0.011915,0,0
16,36,3.250000,3.250000,4.712147,184,1.000000,0.842928,0.012220,0,0
16,37,3.250000,3.750000,5.004264,91,1.000000,0.833191,0.012504,0,0
16,38,3.250000,4.250000,5.445563,32,0.578662,0.818481,0.012965,0,0
16,39,3.250000,4.750000,5.827380,50,1.000000,0.805754,0.013396,0,0
16,40,3.250000,5.250000,6.243403,47,1.000000,0.791887,0.013898,0,0
16,41,3.250000,5.750000,6.599500,6,1.000000,0.234005,0.014355,0,0
16,42,3.250000,6.250000,7.024001,10,1.000000,0.382933,0.014934,0,0
16,43,3.250000,6.750000,7.432500,4,0.914805,0.150450,0.015524,0,0
16,44,3.250000,7.250000,0.000000,2,0.000000,0.000000,0.010000,0,0
16,45,3.250000,7.750000,0.000000,1,0.000000,0.000000,0.010000,0,0
16,51,3.250000,10.750000,0.000000,1,0.000000,0.000000,0.010000,0,0
16,52,3.250000,11.250000,11.641251,4,1.000000,0.122392,0.023552,0,0
16,54,3.250000,12.250000,0.000000,1,0.000000,0.000000,0.010000,0,0
16,56,3.250000,13.250000,0.000000,1,0.000000,0.000000,0.010000,0,0
16,57,3.250000,13.750000,0.000000,1,0.000000,0.000000,0.010000,0,0
17,33,3.750000,1.750000,4.542074,27,0.162289,0.848598,0.012063,0,0
17,34,3.750000,2.250000,4.556954,153,0.423058,0.848102,0.012077,0,0
17,35,3.750000,2.750000,4.712277,83,1.000000,0.842924,0.012221,0,0
17,36,3.750000,3.250000,4.988206,78,0.984074,0.833726,0.012488,0,0
17,37,3.750000,3.750000,5.301775,31,0.265965,0.823274,0.012811,0,0
17,38,3.750000,4.250000,5.737955,22,1.000000,0.808735,0.013292,0,0
17,39,3.750000,4.750000,6.085452,31,0.797349,0.797152,0.013703,0,0
17,40,3.750000,5.250000,6.438715,7,1.000000,0.274882,0.014146,0,0
17,41,3.750000,5.750000,6.823092,11,1.000000,0.424910,0.014655,0,0
17,42,3.750000,6.250000,7.245000,3,1.000000,0.113775,0.015249,0,0
17,43,3.750000,6.750000,0.000000,1,0.000000,0.000000,0.010000,0,0
17,44,3.750000,7.250000,8.155334,3,0.240188,0.109223,0.016651,0,0
17,50,3.750000,10.250000,0.000000,1,0.000000,0.000000,0.010000,0,0
18,25,4.250000,-2.250000,5.095376,32,0.091954,0.830154,0.012596,0,0
18,26,4.250000,-1.750000,4.974889,9,0.309427,0.375377,0.012475,0,0
18,32,4.250000,1.250000,4.705944,54,0.524243,0.843135,0.012215,0,0
18,33,4.250000,1.750000,4.760921,137,0.572118,0.841303,0.012267,0,0
18,34,4.250000,2.250000,4.953234,120,1.000000,0.834892,0.012453,0,0
18,35,4.250000,2.750000,5.171007,128,1.000000,0.827633,0.012674,0,0
18,36,4.250000,3.250000,5.493941,17,1.000000,0.694338,0.013018,0,0
18,37,4.250000,3.750000,0.000000,1,0.000000,0.000000,0.010000,0,0
18,38,4.250000,4.250000,6.136000,9,0.991835,0.357960,0.013765,0,0
18,39,4.250000,4.750000,6.369357,28,1.000000,0.787688,0.014057,0,0
18,40,4.250000,5.250000,6.834667,6,1.000000,0.231653,0.014671,0,0
18,42,4.250000,6.250000,0.000000,2,0.000000,0.000000,0.010000,0,0
18,43,4.250000,6.750000,8.004251,4,1.000000,0.146638,0.016407,0,0
18,44,4.250000,7.250000,8.364000,4,1.000000,0.144240,0.016996,0,0
18,45,4.250000,7.750000,8.717751,4,1.000000,0.141882,0.017600,0,0
18,46,4.250000,8.250000,9.273000,3,1.000000,0.103635,0.018599,0,0
18,49,4.250000,9.750000,0.000000,1,0.000000,0.000000,0.010000,0,0
18,54,4.250000,12.250000,0.000000,1,0.000000,0.000000,0.010000,0,0
18,55,4.250000,12.750000,0.000000,1,0.000000,0.000000,0.010000,0,0
18,56,4.250000,13.250000,0.000000,1,0.000000,0.000000,0.010000,0,0
19,25,4.750000,-2.250000,5.435500,54,0.062109,0.818817,0.012954,0,0
19,26,4.750000,-1.750000,5.237411,78,0.309925,0.825420,0.012743,0,0
19,27,4.750000,-1.250000,5.256643,42,0.075735,0.824779,0.012763,0,0
19,28,4.750000,-0.750000,5.208969,32,0.357441,0.826368,0.012713,0,0
19,29,4.750000,-0.250000,5.081551,40,0.399195,0.830615,0.012582,0,0
19,30,4.750000,0.250000,5.160433,30,0.328036,0.827986,0.012663,0,0
19,31,4.750000,0.750000,5.050418,84,0.420594,0.831653,0.012551,0,0
19,32,4.750000,1.250000,5.097610,118,0.412784,0.830080,0.012599,0,0
19,33,4.750000,1.750000,5.255860,86,1.000000,0.824805,0.012762,0,0
19,34,4.750000,2.250000,5.395024,83,1.000000,0.820166,0.012911,0,0
19,35,4.750000,2.750000,5.567827,46,1.000000,0.814406,0.013100,0,0
19,36,4.750000,3.250000,5.871256,47,1.000000,0.804291,0.013447,0,0
19,37,4.750000,3.750000,6.226800,5,1.000000,0.198110,0.013877,0,0
19,38,4.750000,4.250000,6.472889,9,1.000000,0.352907,0.014190,0,0
19,39,4.750000,4.750000,6.774499,32,1.000000,0.774183,0.014589,0,0
19,40,4.750000,5.250000,7.059001,19,0.852972,0.726465,0.014983,0,0
19,41,4.750000,5.750000,7.457834,6,1.000000,0.225422,0.015562,0,0
19,44,4.750000,7.250000,8.612125,8,1.000000,0.285172,0.017417,0,0
19,45,4.750000,7.750000,9.141000,3,1.000000,0.104295,0.018356,0,0
19,46,4.750000,8.250000,9.549286,7,1.000000,0.238592,0.019119,0,0
19,59,4.750000,14.750000,0.000000,1,0.000000,0.000000,0.010000,0,0
20,24,5.250000,-2.750000,0.000000,1,0.000000,0.000000,0.010000,0,0
20,25,5.250000,-2.250000,5.898695,62,0.151330,0.803377,0.013479,0,0
20,26,5.250000,-1.750000,5.716086,58,0.204081,0.809464,0.013267,0,0
20,27,5.250000,-1.250000,5.611656,67,0.092728,0.812945,0.013149,0,0
20,28,5.250000,-0.750000,5.541850,60,0.050161,0.815272,0.013071,0,0
20,29,5.250000,-0.250000,5.440411,56,0.457077,0.818653,0.012960,0,0
20,30,5.250000,0.250000,5.454260,73,0.170933,0.818191,0.012975,0,0
20,31,5.250000,0.750000,5.422851,81,0.524659,0.819238,0.012941,0,0
20,32,5.250000,1.250000,5.520773,66,0.359198,0.815974,0.013048,0,0
20,33,5.250000,1.750000,5.680325,77,0.366682,0.810656,0.013227,0,0
20,34,5.250000,2.250000,5.812446,47,0.455697,0.806252,0.013378,0,0
20,35,5.250000,2.750000,6.040425,52,1.000000,0.798653,0.013649,0,0
20,36,5.250000,3.250000,6.285326,49,1.000000,0.790489,0.013951,0,0
20,37,5.250000,3.750000,6.462087,23,1.000000,0.784597,0.014176,0,0
20,38,5.250000,4.250000,6.836667,15,1.000000,0.579083,0.014674,0,0
20,39,5.250000,4.750000,7.202625,24,1.000000,0.759912,0.015188,0,0
20,40,5.250000,5.250000,7.537500,6,0.411774,0.224625,0.015681,0,0
20,43,5.250000,6.750000,8.690801,5,1.000000,0.177577,0.017553,0,0
20,44,5.250000,7.250000,9.005201,5,1.000000,0.174957,0.018109,0,0
20,45,5.250000,7.750000,0.000000,1,0.000000,0.000000,0.010000,0,0
20,46,5.250000,8.250000,0.000000,2,0.000000,0.000000,0.010000,0,0
20,50,5.250000,10.250000,0.000000,1,0.000000,0.000000,0.010000,0,0
20,52,5.250000,11.250000,0.000000,1,0.000000,0.000000,0.010000,0,0
21,24,5.750000,-2.750000,6.432545,11,0.098751,0.432070,0.014138,0,0
21,25,5.750000,-2.250000,6.387851,40,0.134129,0.787072,0.014080,0,0
21,26,5.750000,-1.750000,6.185351,60,0.126442,0.793822,0.013826,0,0
21,27,5.750000,-1.250000,6.073258,58,0.076022,0.797558,0.013688,0,0
21,28,5.750000,-0.750000,6.009691,55,0.187576,0.799677,0.013612,0,0
21,29,5.750000,-0.250000,5.947111,54,0.200608,0.801763,0.013537,0,0
21,30,5.750000,0.250000,5.961624,56,0.172450,0.801279,0.013554,0,0
21,31,5.750000,0.750000,5.995808,57,0.652706,0.800140,0.013595,0,0
21,32,5.750000,1.250000,6.094143,42,0.191748,0.796862,0.013714,0,0
21,33,5.750000,1.750000,6.167628,43,0.860632,0.794412,0.013804,0,0
21,34,5.750000,2.250000,6.232399,35,0.915353,0.792253,0.013884,0,0
21,35,5.750000,2.750000,6.492067,45,1.000000,0.783598,0.014215,0,0
21,36,5.750000,3.250000,6.630264,19,0.588752,0.740042,0.014396,0,0
21,37,5.750000,3.750000,6.927408,27,0.648247,0.769086,0.014799,0,0
21,38,5.750000,4.250000,7.111770,13,0.819334,0.495912,0.015058,0,0
21,39,5.750000,4.750000,7.400155,13,0.885197,0.489663,0.015476,0,0
21,42,5.750000,6.250000,8.444334,3,0.135846,0.107778,0.017131,0,0
21,43,5.750000,6.750000,8.898001,4,1.000000,0.140680,0.017917,0,0
21,50,5.750000,10.250000,0.000000,1,0.000000,0.000000,0.010000,0,0
22,24,6.250000,-2.750000,6.988667,9,0.081362,0.345170,0.014884,0,0
22,25,6.250000,-2.250000,6.840423,26,0.153204,0.771986,0.014679,0,0
22,26,6.250000,-1.750000,6.677167,30,0.177302,0.777428,0.014458,0,0
22,27,6.250000,-1.250000,6.550148,34,0.064386,0.781662,0.014290,0,0
22,28,6.250000,-0.750000,6.494954,43,0.114703,0.783502,0.014218,0,0
22,29,6.250000,-0.250000,6.435750,32,0.100585,0.785475,0.014142,0,0
22,30,6.250000,0.250000,6.453405,42,0.478924,0.784886,0.014165,0,0
22,31,6.250000,0.750000,6.457477,42,0.690686,0.784751,0.014170,0,0
22,32,6.250000,1.250000,6.558247,45,0.702839,0.781392,0.014301,0,0
22,33,6.250000,1.750000,6.560676,40,0.479123,0.781311,0.014304,0,0
22,34,6.250000,2.250000,6.771965,29,0.402975,0.774268,0.014586,0,0
22,35,6.250000,2.750000,6.931237,38,0.965444,0.768959,0.014804,0,0
22,36,6.250000,3.250000,7.068214,28,0.628271,0.764393,0.014996,0,0
22,37,6.250000,3.750000,7.346875,8,1.000000,0.302042,0.015398,0,0
22,38,6.250000,4.250000,7.710300,10,0.999652,0.371495,0.015945,0,0
22,39,6.250000,4.750000,7.951778,9,0.898785,0.330723,0.016323,0,0
22,43,6.250000,6.750000,0.000000,2,0.000000,0.000000,0.010000,0,0
22,44,6.250000,7.250000,9.613334,3,1.000000,0.101933,0.019242,0,0
22,49,6.250000,9.750000,0.000000,1,0.000000,0.000000,0.010000,0,0
23,24,6.750000,-2.750000,7.478900,10,0.234653,0.375352,0.015593,0,0
23,25,6.750000,-2.250000,7.351763,21,0.199232,0.754941,0.015405,0,0
23,26,6.750000,-1.750000,7.165335,30,0.079207,0.761155,0.015134,0,0
23,27,6.750000,-1.250000,7.018600,40,0.032893,0.766047,0.014926,0,0
23,28,6.750000,-0.750000,6.994057,35,0.058749,0.766865,0.014892,0,0
23,29,6.750000,-0.250000,6.908501,40,0.139520,0.769717,0.014773,0,0
23,30,6.750000,0.250000,6.904540,39,0.554751,0.769849,0.014767,0,0
23,31,6.750000,0.750000,6.981411,56,1.000000,0.767286,0.014874,0,0
23,32,6.750000,1.250000,6.944301,50,1.000000,0.768523,0.014822,0,0
23,33,6.750000,1.750000,7.093035,57,1.000000,0.763565,0.015031,0,0
23,34,6.750000,2.250000,7.248000,38,0.511220,0.758400,0.015253,0,0
23,35,6.750000,2.750000,7.411304,53,1.000000,0.752957,0.015493,0,0
23,36,6.750000,3.250000,7.547400,10,0.277568,0.374210,0.015696,0,0
23,37,6.750000,3.750000,7.886000,3,0.625196,0.110570,0.016219,0,0
23,38,6.750000,4.250000,8.028445,9,1.000000,0.329573,0.016446,0,0
23,39,6.750000,4.750000,8.228833,18,1.000000,0.653135,0.016771,0,0
24,24,7.250000,-2.750000,7.905286,14,0.234586,0.515543,0.016249,0,0
24,25,7.250000,-2.250000,7.747482,27,0.091883,0.741751,0.016002,0,0
24,26,7.250000,-1.750000,7.600150,20,0.028447,0.746662,0.015776,0,0
24,27,7.250000,-1.250000,7.506751,28,0.521111,0.749775,0.015635,0,0
24,28,7.250000,-0.750000,7.387739,23,0.088488,0.753742,0.015458,0,0
24,29,7.250000,-0.250000,7.399036,27,0.085611,0.753365,0.015475,0,0
24,30,7.250000,0.250000,7.391788,47,0.305924,0.753607,0.015464,0,0
24,31,7.250000,0.750000,7.410556,27,1.000000,0.752981,0.015492,0,0
24,32,7.250000,1.250000,7.445412,17,0.444203,0.639047,0.015543,0,0
24,33,7.250000,1.750000,7.510058,35,0.704443,0.749665,0.015640,0,0
24,34,7.250000,2.250000,7.781518,29,0.927729,0.740616,0.016055,0,0
24,35,7.250000,2.750000,7.834226,31,1.000000,0.738859,0.016138,0,0
24,36,7.250000,3.250000,7.927583,12,0.204439,0.441448,0.016285,0,0
24,37,7.250000,3.750000,8.226749,4,0.408380,0.145155,0.016768,0,0
24,38,7.250000,4.250000,8.514834,12,1.000000,0.429703,0.017250,0,0
24,39,7.250000,4.750000,8.604001,6,0.712851,0.213960,0.017403,0,0
24,40,7.250000,5.250000,0.000000,1,0.000000,0.000000,0.010000,0,0
24,47,7.250000,8.750000,0.000000,2,0.000000,0.000000,0.010000,0,0
25,24,7.750000,-2.750000,8.460667,18,0.259331,0.646180,0.017158,0,0
25,25,7.750000,-2.250000,8.388556,9,0.200834,0.324172,0.017037,0,0
25,26,7.750000,-1.750000,7.951687,16,0.177790,0.587955,0.016323,0,0
25,27,7.750000,-1.250000,8.012706,17,0.284488,0.622973,0.016420,0,0
25,28,7.750000,-0.750000,7.823422,19,0.168332,0.702258,0.016121,0,0
25,29,7.750000,-0.250000,7.901937,31,0.468288,0.736602,0.016244,0,0
25,30,7.750000,0.250000,7.915357,28,0.624041,0.736155,0.016265,0,0
25,31,7.750000,0.750000,7.920621,29,0.249841,0.735979,0.016274,0,0
25,32,7.750000,1.250000,8.027287,7,0.032021,0.256348,0.016444,0,0
25,33,7.750000,1.750000,8.035814,27,0.889786,0.732140,0.016457,0,0
25,34,7.750000,2.250000,8.155001,14,0.484547,0.509717,0.016650,0,0
25,35,7.750000,2.750000,8.223527,19,0.735434,0.689588,0.016763,0,0
25,36,7.750000,3.250000,8.375250,4,1.000000,0.144165,0.017014,0,0
25,37,7.750000,3.750000,0.000000,2,0.000000,0.000000,0.010000,0,0
25,38,7.750000,4.250000,0.000000,2,0.000000,0.000000,0.010000,0,0
25,39,7.750000,4.750000,9.075401,5,1.000000,0.174372,0.018236,0,0
26,23,8.250000,-3.250000,9.168600,5,0.124402,0.173595,0.018406,0,0
26,24,8.250000,-2.750000,8.971999,11,0.012261,0.385513,0.018050,0,0
26,25,8.250000,-2.250000,8.506417,12,0.151971,0.429872,0.017236,0,0
26,26,8.250000,-1.750000,8.541522,23,0.115740,0.715283,0.017296,0,0
26,27,8.250000,-1.250000,8.435052,19,0.102040,0.682890,0.017115,0,0
26,28,8.250000,-0.750000,8.384131,23,0.082247,0.720529,0.017029,0,0
26,29,8.250000,-0.250000,8.385800,30,0.489638,0.720473,0.017032,0,0
26,30,8.250000,0.250000,8.375001,30,0.699026,0.720833,0.017014,0,0
26,31,8.250000,0.750000,8.504500,16,0.133664,0.573213,0.017233,0,0
26,32,8.250000,1.250000,8.480000,12,0.979633,0.430400,0.017191,0,0
26,33,8.250000,1.750000,8.511774,22,0.740521,0.716274,0.017245,0,0
26,34,8.250000,2.250000,8.618296,17,0.840950,0.605815,0.017428,0,0
26,35,8.250000,2.750000,8.742000,8,1.000000,0.283440,0.017642,0,0
26,36,8.250000,3.250000,0.000000,1,0.000000,0.000000,0.010000,0,0
26,37,8.250000,3.750000,0.000000,2,0.000000,0.000000,0.010000,0,0
26,38,8.250000,4.250000,9.419078,13,1.000000,0.445920,0.018872,0,0
26,39,8.250000,4.750000,9.666601,5,0.604715,0.169445,0.019344,0,0
26,40,8.250000,5.250000,0.000000,1,0.000000,0.000000,0.010000,0,0
27,23,8.750000,-3.250000,9.447001,8,0.015933,0.274040,0.018925,0,0
27,24,8.750000,-2.750000,9.105750,8,0.139625,0.278590,0.018291,0,0
27,25,8.750000,-2.250000,9.117278,18,0.136742,0.626482,0.018312,0,0
27,26,8.750000,-1.750000,9.072530,17,0.083121,0.592945,0.018231,0,0
27,27,8.750000,-1.250000,8.898287,14,0.145281,0.492373,0.017918,0,0
27,28,8.750000,-0.750000,8.902947,19,0.070461,0.668073,0.017926,0,0
27,29,8.750000,-0.250000,8.853392,23,0.591890,0.704887,0.017838,0,0
27,30,8.750000,0.250000,8.946527,19,0.128042,0.666693,0.018004,0,0
27,31,8.750000,0.750000,8.969696,23,0.283637,0.701010,0.018046,0,0
27,32,8.750000,1.250000,8.934612,18,0.743517,0.631962,0.017983,0,0
27,33,8.750000,1.750000,8.931084,12,0.136500,0.421378,0.017976,0,0
27,34,8.750000,2.250000,9.119125,8,0.331142,0.278412,0.018316,0,0
27,35,8.750000,2.750000,9.157667,18,0.634772,0.625270,0.018386,0,0
27,37,8.750000,3.750000,0.000000,1,0.000000,0.000000,0.010000,0,0
27,38,8.750000,4.250000,9.761429,7,1.000000,0.236117,0.019529,0,0
27,39,8.750000,4.750000,9.803716,7,1.000000,0.235623,0.019611,0,0
27,42,8.750000,6.250000,0.000000,2,0.000000,0.000000,0.010000,0,0
28,23,9.250000,-3.250000,9.792000,9,0.138166,0.303120,0.019588,0,0
28,24,9.250000,-2.750000,9.757450,20,0.155520,0.674752,0.019521,0,0
28,25,9.250000,-2.250000,9.587693,13,0.186462,0.442267,0.019192,0,0
28,26,9.250000,-1.750000,9.537766,17,0.175027,0.579763,0.019097,0,0
28,27,9.250000,-1.250000,9.521294,17,0.117875,0.580230,0.019066,0,0
28,28,9.250000,-0.750000,9.460957,23,0.411715,0.684635,0.018951,0,0
28,29,9.250000,-0.250000,9.385693,13,0.434088,0.446643,0.018809,0,0
28,30,9.250000,0.250000,9.488786,14,0.155864,0.478595,0.019004,0,0
28,31,9.250000,0.750000,9.493062,16,0.436318,0.546852,0.019012,0,0
28,32,9.250000,1.250000,9.426667,6,0.183674,0.205733,0.018886,0,0
28,35,9.250000,2.750000,9.578375,8,0.190155,0.272288,0.019175,0,0
28,36,9.250000,3.250000,0.000000,2,0.000000,0.000000,0.010000,0,0
28,37,9.250000,3.750000,10.204500,4,1.000000,0.131970,0.020413,0,0
28,38,9.250000,4.250000,0.000000,1,0.000000,0.000000,0.010000,0,0
28,41,9.250000,5.750000,0.000000,1,0.000000,0.000000,0.010000,0,0
28,42,9.250000,6.250000,0.000000,1,0.000000,0.000000,0.010000,0,0
29,23,9.750000,-3.250000,10.511637,11,0.107286,0.357287,0.021049,0,0
29,24,9.750000,-2.750000,10.431001,8,0.154737,0.260920,0.020881,0,0
29,25,9.750000,-2.250000,10.180334,9,0.131473,0.297295,0.020364,0,0
29,26,9.750000,-1.750000,10.223001,4,0.118228,0.131847,0.020451,0,0
29,27,9.750000,-1.250000,10.026250,4,0.118282,0.133158,0.020053,0,0
29,28,9.750000,-0.750000,9.940400,10,0.543065,0.334327,0.019881,0,0
29,29,9.750000,-0.250000,9.830500,10,0.155763,0.336158,0.019664,0,0
29,30,9.750000,0.250000,9.817000,7,0.148638,0.235468,0.019637,0,0
29,31,9.750000,0.750000,9.912086,23,0.477392,0.669597,0.019825,0,0
29,32,9.750000,1.250000,9.961334,3,0.073818,0.100193,0.019923,0,0
29,34,9.750000,2.250000,0.000000,1,0.000000,0.000000,0.010000,0,0
29,35,9.750000,2.750000,0.000000,1,0.000000,0.000000,0.010000,0,0
29,36,9.750000,3.250000,10.374333,9,0.431838,0.294385,0.020763,0,0
29,37,9.750000,3.750000,0.000000,1,0.000000,0.000000,0.010000,0,0
29,38,9.750000,4.250000,0.000000,1,0.000000,0.000000,0.010000,0,0
29,39,9.750000,4.750000,0.000000,1,0.000000,0.000000,0.010000,0,0
29,41,9.750000,5.750000,0.000000,2,0.000000,0.000000,0.010000,0,0
30,24,10.250000,-2.750000,10.636250,4,0.199616,0.129092,0.021313,0,0
30,25,10.250000,-2.250000,10.488667,9,0.070169,0.292670,0.021001,0,0
30,26,10.250000,-1.750000,10.355501,12,0.110220,0.392890,0.020724,0,0
30,27,10.250000,-1.250000,10.389668,15,0.401115,0.490258,0.020795,0,0
30,28,10.250000,-0.750000,10.349334,9,0.125424,0.294760,0.020711,0,0
30,29,10.250000,-0.250000,10.311779,9,0.565479,0.295323,0.020633,0,0
30,30,10.250000,0.250000,10.306462,13,0.344927,0.426693,0.020622,0,0
30,31,10.250000,0.750000,10.309455,11,0.109647,0.360993,0.020628,0,0
30,34,10.250000,2.250000,10.740251,4,1.000000,0.128398,0.021535,0,0
30,35,10.250000,2.750000,10.688701,10,0.875922,0.321855,0.021425,0,0
30,36,10.250000,3.250000,10.860214,14,0.487483,0.446595,0.021794,0,0
30,37,10.250000,3.750000,10.882000,3,1.000000,0.095590,0.021842,0,0
30,40,10.250000,5.250000,0.000000,2,0.000000,0.000000,0.010000,0,0
30,43,10.250000,6.750000,0.000000,1,0.000000,0.000000,0.010000,0,0
31,23,10.750000,-3.250000,11.401556,9,0.282234,0.278977,0.023000,0,0
31,24,10.750000,-2.750000,11.121273,11,0.130369,0.346110,0.022368,0,0
31,25,10.750000,-2.250000,11.264078,13,0.156390,0.405945,0.022688,0,0
31,26,10.750000,-1.750000,11.196143,7,0.119520,0.219378,0.022535,0,0
31,27,10.750000,-1.250000,10.912668,9,0.130837,0.286310,0.021909,0,0
31,28,10.750000,-0.750000,10.940548,11,0.224239,0.349423,0.021970,0,0
31,29,10.750000,-0.250000,10.865000,10,0.382977,0.318917,0.021805,0,0
31,30,10.750000,0.250000,10.830001,15,0.137508,0.479250,0.021729,0,0
31,31,10.750000,0.750000,0.000000,1,0.000000,0.000000,0.010000,0,0
31,32,10.750000,1.250000,0.000000,1,0.000000,0.000000,0.010000,0,0
31,34,10.750000,2.250000,10.931751,4,0.055763,0.127122,0.021950,0,0
31,35,10.750000,2.750000,11.012000,3,1.000000,0.094940,0.022126,0,0
31,40,10.750000,5.250000,12.101200,10,1.000000,0.298313,0.024644,0,0
31,41,10.750000,5.750000,0.000000,2,0.000000,0.000000,0.010000,0,0
31,43,10.750000,6.750000,0.000000,1,0.000000,0.000000,0.010000,0,0
32,23,11.250000,-3.250000,11.860250,4,0.151849,0.120932,0.024067,0,0
32,26,11.250000,-1.750000,11.432751,8,0.451807,0.247563,0.023071,0,0
32,27,11.250000,-1.250000,11.452500,14,0.181320,0.432775,0.023116,0,0
32,28,11.250000,-0.750000,11.347668,6,0.088735,0.186523,0.022877,0,0
32,29,11.250000,-0.250000,11.395126,8,0.135855,0.248065,0.022985,0,0
32,30,11.250000,0.250000,11.343250,4,0.062573,0.124378,0.022867,0,0
32,31,11.250000,0.750000,0.000000,1,0.000000,0.000000,0.010000,0,0
32,44,11.250000,7.250000,0.000000,1,0.000000,0.000000,0.010000,0,0
33,24,11.750000,-2.750000,12.205072,14,0.112579,0.415215,0.024896,0,0
33,25,11.750000,-2.250000,12.203918,12,0.740024,0.355922,0.024894,0,0
33,26,11.750000,-1.750000,11.825222,9,0.111702,0.272622,0.023984,0,0
33,27,11.750000,-1.250000,12.158334,3,0.064309,0.089208,0.024783,0,0
33,28,11.750000,-0.750000,11.960819,11,0.132053,0.330718,0.024306,0,0
33,29,11.750000,-0.250000,11.808600,5,0.078313,0.151595,0.023944,0,0
33,30,11.750000,0.250000,11.893751,8,0.111150,0.241417,0.024146,0,0
33,38,11.750000,4.250000,0.000000,1,0.000000,0.000000,0.010000,0,0
33,40,11.750000,5.250000,0.000000,1,0.000000,0.000000,0.010000,0,0
34,24,12.250000,-2.750000,0.000000,1,0.000000,0.000000,0.010000,0,0
34,25,12.250000,-2.250000,12.681401,10,0.115057,0.288643,0.026082,0,0
34,26,12.250000,-1.750000,12.619416,12,0.110789,0.347612,0.025925,0,0
34,27,12.250000,-1.250000,12.297889,9,0.142104,0.265532,0.025124,0,0
34,28,12.250000,-0.750000,12.288752,4,0.702554,0.118075,0.025101,0,0
34,29,12.250000,-0.250000,12.399001,13,0.137694,0.381355,0.025374,0,0
34,30,12.250000,0.250000,0.000000,1,0.000000,0.000000,0.010000,0,0
34,38,12.250000,4.250000,0.000000,1,0.000000,0.000000,0.010000,0,0
35,23,12.750000,-3.250000,13.322334,3,0.070300,0.083388,0.027748,0,0
35,24,12.750000,-2.750000,13.180273,11,0.146576,0.308362,0.027372,0,0
35,25,12.750000,-2.250000,12.854000,4,0.076307,0.114307,0.026523,0,0
35,27,12.750000,-1.250000,13.134715,7,0.062255,0.196762,0.027252,0,0
35,28,12.750000,-0.750000,12.777500,10,0.137255,0.287042,0.026326,0,0
36,26,13.250000,-1.750000,13.476251,8,0.101014,0.220317,0.028161,0,0
36,27,13.250000,-1.250000,13.222400,5,0.070824,0.139813,0.027483,0,0
36,41,13.250000,5.750000,0.000000,1,0.000000,0.000000,0.010000,0,0
37,25,13.750000,-2.250000,13.848000,4,0.060257,0.107680,0.029177,0,0
37,26,13.750000,-1.750000,13.792667,3,0.067681,0.081037,0.029024,0,0
38,42,14.250000,6.250000,0.000000,1,0.000000,0.000000,0.010000,0,0
39,42,14.750000,6.250000,0.000000,1,0.000000,0.000000,0.010000,0,0
46,49,18.250000,9.750000,0.000000,1,0.000000,0.000000,0.010000,0,0
